id,name,subtitle,start_setup,step_1,step_2,step_3
1,Cat–Cow,Segmental Spinal Flexion/Extension,"On all fours — hands under shoulders, knees under hips.","[A] Neutral Tabletop (SPINE) Hands under shoulders, knees under hips. Spine flat and parallel to floor. Neck long.","[B] Cat — Exhale (FLEX) Round spine toward ceiling. Tuck chin to chest, tuck pelvis under. Breathe out fully.",[C] Cow — Inhale (EXT) Let belly drop toward floor. Lift gaze and tailbone gently. Do not compress the lower back.
2,Sphinx Pose,Low Prone Back Extension,Lying face down on the floor.,"[A] Prone Start (SETUP) Lie face down. Legs long, tops of feet flat. Elbows directly under shoulders.",[B] Lift (EXT) Press forearms into floor. Lift chest and head. Shoulders away from ears. Hold 5–10s.,
3,Child's Pose,Rest & lengthen spine,"Kneeling on the floor, sitting back toward your heels.","[A] Kneel Upright (SETUP) Kneel with big toes together, knees hip-width apart. Sit back toward heels.","[B] Fold Forward (STRETCH) Walk hands forward, forehead to floor. Arms extended or alongside body. Breathe into the back.",
4,Arm Circles,Fwd & Bwd · Small to Large,"Standing, feet hip-width apart.","[A] Stand Tall (SETUP) Feet hip-width. Arms extended at sides at shoulder height. Thumbs up, palms face forward.",[B] Forward Circles (FORWARD) Start small — wrist-sized circles moving forward. Gradually increase to full arm sweeps. Keep shoulders down and relaxed. 10 reps.,[C] Backward Circles (BACKWARD) Reverse direction. Same progression — small to large. Squeeze shoulder blades slightly on the back swing. 10 reps.
5,Pelvic Tilts,Supine Posterior/Anterior Tilt,"Lying on your back, knees bent, feet flat on the floor.",[A] Supine Neutral (SETUP) Small natural arch in lower back. Arms at sides.,[B] Posterior Tilt (CORE) Gently press lower back into floor. Engage deep abdominals. Hold 2s. Do not hold breath.,[C] Anterior Tilt (RELEASE) Let the lower back arch slightly away from the floor as the pelvis tips forward. Then gently press the lower back into the floor again. Move slowly back and forth between the small arch and the gentle press.
6,Glute Bridge,Bodyweight,"Lying on your back, knees bent, feet flat on the floor.","[A] Supine Setup (SETUP) Feet flat, hip-width, heels 6 inches from glutes. Arms flat at sides.","[B] Bridge Up (GLUTES) Drive through heels. Lift hips until shoulders, hips, knees form a straight line. Squeeze glutes at top.",
7,Marching Bridge,Keep hips level,Lying on your back with hips lifted in a glute bridge.,[A] Hold Bridge (SETUP) Perform a full Glute Bridge and hold at the top. Engage core. Do not let hips drop.,"[B] Lift One Foot (STABILITY) Slowly lift one foot off floor, knee to 90°. Hips stay perfectly level. Hold 2s.","[C] Alternate (CONTROL) Lower foot, repeat other side. Think of balancing a glass of water on each hip."
8,Dead Bug,Contralateral Arm/Leg,"Lying on your back, arms reaching toward the ceiling.",[A] Supine Tabletop (SETUP) Arms reach to ceiling. Hips and knees at 90°. Press lower back firmly into floor.,[B] Extend Opposite Limbs (CORE) Slowly lower right arm overhead and extend left leg toward floor. Keep back flat. Exhale throughout.,[C] Return & Switch (CONTROL) Return to tabletop position. Repeat with left arm and right leg. Move in 4-second counts each way.
9,Bird Dog,Paused Extension,"On all fours — hands under shoulders, knees under hips.","[A] Neutral Tabletop (SETUP) Hands under shoulders, knees under hips. Spine neutral. Brace core lightly before moving.","[B] Extend & Pause (STABILITY) Reach right arm forward, left leg back. Both parallel to floor. Pause 2–3s. Do not rotate hips.",[C] Return Controlled (CONTROL) Draw elbow to knee beneath the body (optional crunch). Reset to neutral. Switch sides.
10,High Plank,"Core tight, body straight","Facing down, hands flat on the floor, body in a straight line.","[A] Hand Position (SETUP) Hands flat, shoulder-width. Fingers spread. Wrists stacked under shoulders.",[B] Full Plank (HOLD) Body forms one straight line: head to heels. Squeeze glutes. Pull navel toward spine. Breathe.,
11,Wall Push-Ups,Controlled tempo,Standing an arm's length from a wall.,[A] Wall Setup (SETUP) Stand arm's length from wall. Hands flat at shoulder height and width. Body straight.,"[B] Lower (ECCENTRIC) Bend elbows, lower chest toward wall. Take 2–3 seconds. Keep body rigid, no sagging hips.",[C] Press Back (PUSH) Push through palms to return to start. Fully extend arms. 1-second pause at top.
12,Isometric Wall Push Hold,Halfway down position,Standing an arm's length from a wall.,"[A] Wall Setup (SETUP) Same as Wall Push-Up starting position. Body straight, hands at shoulder height.",[B] Halfway Hold (ISO) Lower to the midpoint — elbows at roughly 90°. Hold completely still. Do not let arms drift further.,
13,Resistance Band Row,"Elbows pull back, chest relaxed","Standing, band anchored at chest height in front of you.","[A] Band Setup (SETUP) Anchor band at chest height. Stand tall, holding one end in each hand. Slight tension at arm's length.","[B] Row Back (PULL) Drive elbows straight back, hugging ribs. Shoulder blades squeeze together. Pause 1s at chest.",[C] Controlled Return (RELEASE) Extend arms slowly — 2–3 seconds. Do not let shoulders roll forward at full extension.
14,Wall Angels,Or Floor Angels,Standing with your back flat against a wall.,"[A] Wall Contact (SETUP) Stand with back, head, and glutes against wall. Arms bent at 90°, backs of hands touching wall.","[B] Slide Up (RAISE) Slowly slide arms upward, maintaining contact with wall at all times. Go only as far as contact allows.","[C] Slide Down (LOWER) Return to start position in 3s. If wall contact is lost, reduce range. Quality over range."
15,Supine Hamstring Stretch,Straight-Leg Raise,"Lying on your back, both legs extended. You'll do one leg at a time (e.g. right first, then left).","[A] Supine Start (SETUP) Lie on your back. Both legs extended, lower back neutral. Arms relaxed at your sides.","[B] Raise One Leg (STRETCH) Lift one leg (e.g. right first) keeping the knee straight. Use both hands to hold behind the thigh or calf. Feel the stretch in the hamstring, not the knee. Switch to the other leg when cued.",
16,Figure Four Stretch,Supine Piriformis Stretch,"Lying on your back, knees bent, feet flat. Cross one ankle over the opposite knee (e.g. right ankle over left knee); you'll do both sides.","[A] Cross Leg Over Knee (SETUP) Lie on your back, knees bent, feet flat. Cross one leg over the other by placing that ankle on the opposite knee (e.g. right ankle on left knee). Flex the foot of the crossed leg.",[B] Draw In (STRETCH) Clasp hands behind the supporting thigh (the one with the foot on the floor) and gently draw both legs toward your chest. Feel the stretch in the outer hip of the crossed leg. Repeat on the other side when cued.,
17,Windshield Wipers,Supine Hip Rotation,"Lying on your back, knees bent, arms out in a T. Rotate knees side to side.","[A] Supine, Feet Flat (SETUP) Lie on your back. Knees bent, feet flat and hip-width. Arms out in a T, palms down for stability.",[B] Lower Knees Right (ROTATE) Let both knees fall slowly to the right toward the floor. Keep shoulders flat. Breathe out.,"[C] Lower Knees Left (ROTATE) Sweep knees back through center and lower to the left. Move at a slow, windshield-wiper pace. Continue alternating as needed."
18,Reclined Spinal Twist,Arms in T position,"Lying on your back, one knee drawn to your chest. Do one side (e.g. right) then the other.","[A] Supine Start (SETUP) Lie on your back. Draw one knee to your chest (e.g. right first). Arms out in a T, shoulders heavy on the floor.",[B] Cross & Hold (TWIST) Guide that knee across your body with the opposite hand (e.g. right knee to the left with left hand). Turn gaze the other way if comfortable. Hold 20–30s. Repeat on the other side when cued.,
19,Seated Forward Fold,Relaxed Spine,"Seated on the floor, legs extended in front of you.",[A] Seated Tall (SETUP) Sit with legs extended or slightly bent. Spine long. Hands on thighs. Breathe in.,"[B] Fold Forward (RELEASE) Hinge at hips, walk hands toward feet. Let spine round naturally. Head heavy. Hold 30–60s.",
20,Chin Tucks,Cervical Retractions,"Seated or standing upright, eyes level with the horizon.",[A] Neutral Head (SETUP) Sit or stand tall. Eyes level with horizon. Shoulders relaxed. No tension in jaw.,[B] Retract (CERVICAL) Draw chin straight back — not down. Create a slight double chin. Hold 2s. Feel a gentle stretch at base of skull.,
21,Neck Half-Circles,Controlled Tilts,"Seated upright, shoulders relaxed, eyes forward.","[A] Neutral Start (SETUP) Sit tall, shoulders relaxed. Eyes forward. Do not perform full circles — avoid rolling the head back.",[B] Right Tilt (LATERAL) Drop right ear toward right shoulder. Keep left shoulder down. Hold 3s. Return through center.,[C] Left Tilt (LATERAL) Drop left ear toward left shoulder. Smooth arc only from ear to ear through chin. Never through the back.
101,Lymph Hops,Gentle rebounding to stimulate circulation,"Standing, feet hip-width apart, knees soft.","[A] Soft Stand (SETUP) Feet hip-width. Knees soft, never locked. Arms relaxed at sides. Jaw loose. Breathe naturally.","[B] Micro Bounce (CIRCULATE) Rise gently onto the balls of your feet and let your heels drop back down. Barely leave the ground. Think: soft vibration, not jumps.",[C] Rhythm (FLOW) Find a relaxed 1–2 beat. Let arms dangle and bounce passively. Face and shoulders stay completely soft. This should feel effortless.
102,Body Waves,"Spinal undulation, head to tailbone","Standing, feet hip-width, knees slightly bent.","[A] Stand Loose (SETUP) Feet hip-width, knees slightly bent. Arms at sides. Imagine your spine is a string of loose beads.","[B] Initiate Wave (MOBILIZE) Begin the wave at the top: let your head nod gently forward, then ripple the movement down through neck, chest, belly.","[C] Full Undulation (FLOW) As the wave reaches the pelvis, let it curl forward then rise back up. Continuous, fluid figure-8. No forcing — gravity does the work."
103,Arm Swings,"Pendulum swings, shoulders passive","Standing, feet slightly wider than hips, arms relaxed.",[A] Loose Stance (SETUP) Feet slightly wider than hips. Knees soft. Let arms hang completely relaxed from the shoulders.,"[B] Initiate Swing (MOMENTUM) Turn torso gently left — arms swing right passively, carried by momentum. Do not muscle the arms. They follow the body.",[C] Continuous Turn (FLOW) Turn right — arms swing left. Find a pendulum rhythm. Arms may tap your sides lightly. Increase range gradually as you warm up.
104,Trunk Twists,"Rotational swing, arms passive","Standing, feet shoulder-width apart, arms loose at sides.","[A] Loose Stance (SETUP) Feet shoulder-width, knees soft. Arms hang at sides. Spine tall but not stiff.","[B] Twist Right (ROTATE) Rotate torso to the right. Arms swing passively — left arm wraps across the front, right swings behind. Pivot on left ball of foot.","[C] Twist Left (ROTATE) Swing back through center and rotate left. Right arm wraps front, left swings behind. Find a loose, rhythmic pendulum pace."
105,Ballet Squats,"Wide stance pliés, toes turned out","Standing, feet wide, toes turned outward.","[A] Wide Stance (SETUP) Feet wider than hips, toes turned out to roughly 10 and 2 o'clock. Arms out at sides or hands at heart center.","[B] Plié Down (LOWER) Bend knees, tracking them over toes. Lower slowly — 3 seconds down. Keep torso upright, tailbone dropping straight down.",[C] Rise Up (LIFT) Press through the full foot to return to standing — 2 seconds up. Gently squeeze inner thighs at the top. Do not lock knees.
106,Tip Toe Arm Swings,Rising onto toes with overhead reach,"Standing, feet hip-width apart.",[A] Flat Foot (SETUP) Feet hip-width. Arms relaxed at sides. Soft knees. This is the low point of the movement.,[B] Rise & Reach (LIFT) Rise onto tiptoes as arms sweep upward and forward to shoulder height or overhead. Inhale on the rise.,[C] Lower & Swing (DRAIN) Lower heels as arms swing back down and behind. Exhale. The arm swing is passive — gravity-assisted. Continuous and flowing.
107,Doorway Pec Stretch,"Chest opening, shoulder mobility","Standing in a doorway, arms at 90° on the frame.","[A] Doorway Position (SETUP) Stand in a doorway. Place both forearms on the frame at 90° — elbows at shoulder height, upper arms parallel to floor.",[B] Step Through (STRETCH) Step one foot forward through the doorway. Let your body lean gently into the opening. Feel the chest and front shoulders open.,"[C] Hold & Breathe (RELEASE) Hold without forcing. Take 3 slow, deep breaths — each exhale, let the chest open a little more. Do not shrug shoulders."
108,Forward / Backward Arm Circles,"Full shoulder rotation, both directions","Standing, feet hip-width apart.",[A] Stand Tall (SETUP) Feet hip-width. Arms at sides. Shoulders relaxed down. Begin with small circles and gradually increase the range.,[B] Forward Circles (MOBILIZE) Both arms circle forward simultaneously — 15 slow rotations. Feel the shoulder joint moving through its full range.,[C] Backward Circles (MOBILIZE) Reverse direction — 15 slow rotations backward. Backward circles open the chest and counteract forward shoulder posture.
109,Dead Arms,Passive shoulder release,"Standing, hinged slightly forward at the hips.",[A] Slight Forward Lean (SETUP) Hinge slightly at the hips. Let both arms hang completely dead — no muscle engagement. Jaw loose.,[B] Gentle Sway (RELEASE) Let the arms sway passively as you shift your weight side to side. Do not initiate any movement with the shoulder muscles. Gravity only.,"[C] Small Circles (DECOMPRESS) Let the arms trace small passive circles — clockwise, then counter-clockwise. This gently tractions the shoulder joints."
110,Bent Over Back Shakes,"Spinal decompression, gravity assist","Standing, bent forward at the hips, upper body hanging down.","[A] Hinge Forward (SETUP) Hinge at the hips, knees soft. Let the upper body hang forward — arms dangling, head heavy. Let gravity decompress the spine.","[B] Gentle Shake (RELEASE) Softly shake the upper body — small, effortless oscillations. Let the spine wobble freely. This releases the erectors and multifidus.",[C] Side Sway (MOBILIZE) Add a gentle side-to-side sway. Let the arms swing. Stay loose. This is pure release — nothing to engage.
111,Golf Swings,Full rotation with follow-through,"Standing, feet shoulder-width, slight forward hinge at hips.",[A] Address Position (SETUP) Feet shoulder-width. Slight hip hinge. Arms hang loose. Imagine holding a club — but keep the grip soft.,"[B] Backswing (ROTATE) Rotate through the hips and torso to the right, letting the arms follow passively. Left heel can lift slightly. No forcing.",[C] Through Swing (RELEASE) Swing through to the left in one fluid motion. Arms follow the torso — do not lead with the arms. Alternate sides for 1 minute.
112,Twist the Waist,"Isolated hip rotation, upper body still","Standing, feet hip-width, hands on hips.",[A] Stand Tall (SETUP) Feet hip-width. Hands on hips. Eyes forward. Upper body completely still throughout — only the hips move.,"[B] Hip Rotation (ISOLATE) Rotate the pelvis to the right, then sweep left in a continuous figure-8 or side-to-side motion. Upper body stays square.",[C] Find Rhythm (MOBILIZE) Increase the range gradually. Feel the lumbar spine rotating freely. This is the movement that desk work robs you of most.
113,March Taps,"Alternating knee lifts, arms opposite","Standing upright, shoulders relaxed.",[A] Upright Stance (SETUP) Stand tall. Shoulders relaxed. This is a gentle march — not a high-knee drill. Pace is easy and rhythmic.,"[B] Lift & Tap (CIRCULATE) Lift right knee to comfortable height, tap with left hand. Lower. Lift left knee, tap with right hand. Alternate continuously.",[C] Add Arm Swing (FLOW) Let the opposite arm swing naturally with each step — just like walking. This cross-body pattern activates lymphatic flow bilaterally.
114,Wide Arm Step Backs,Lateral step with full arm opening,"Standing, feet together, arms at sides.","[A] Neutral Start (SETUP) Feet together, arms at sides. Soft knees. This movement is slow and deliberate — not aerobic.",[B] Step & Open (EXPAND) Step right foot back and wide as both arms sweep out to the sides and overhead — like opening a large book. Inhale.,"[C] Return & Close (FLOW) Step feet back together, arms return to sides. Exhale. Alternate sides. The arm sweep opens the chest and axillary lymph nodes."
115,Wall Pushups,"Upper body close, standing",Standing an arm's length from a wall.,"[A] Hands on Wall (SETUP) Stand an arm's length from the wall. Place hands at shoulder height, slightly wider than shoulder-width. Body in a straight line.",[B] Lower In (PUSH) Bend elbows and lean chest toward the wall. Keep the body rigid — no sagging hips. Elbows track at roughly 45° from the torso.,[C] Press Out (EXTEND) Push back to start. Exhale on the push. Move slowly and with control. This is not about speed — it's about reactivating the chest and shoulders.
201,Supine Knee Hugs,Gentle lumbar decompression,"Lying on your back, legs extended.",[A] Flat on Back (SETUP) Lie on your back. Let the body be completely heavy. Take two slow breaths before moving.,[B] Hug Both Knees (DECOMPRESS) Draw both knees to chest. Wrap arms around shins. Rock gently side to side 5–8 times. Release lower back.,
202,Supine Twist,"Both sides, 30s each","Lying on your back, knees bent and together.","[A] Knees to Chest (SETUP) Lie on back, knees bent and together. Arms out in a T. Shoulders heavy.",[B] Drop Right (ROTATE) Let both knees fall to the right. Turn gaze left if comfortable. Breathe and let gravity do the work for 30 seconds.,"[C] Drop Left (ROTATE) Return knees through center, drop left. Hold another 30 seconds. No forcing — just releasing."
203,Cat–Cow,Segmental spinal warm-up,"On all fours — hands under shoulders, knees under hips.","[A] Neutral Tabletop (SETUP) Hands under shoulders, knees under hips. Spine flat. Take one breath here before moving.","[B] Cat (FLEX) Round spine to ceiling, tuck pelvis and chin. Full exhale.","[C] Cow (EXT) Let belly drop, lift gaze and tailbone gently. Full inhale. 8–10 slow cycles."
204,Standing Hip Circles,"Hands on hips, full rotation","Standing, feet hip-width, hands on hips.",[A] Stand Tall (SETUP) Feet hip-width. Hands on hips. Soft knees. Eyes forward or closed.,"[B] Circle Right (MOBILIZE) Make slow, large circles with the pelvis — forward, right, back, left. 6 circles clockwise.",[C] Circle Left (MOBILIZE) Reverse direction. 6 circles counter-clockwise. Let the hips move freely without rushing.
205,Shoulder Rolls,"Forward then backward, slow","Standing or seated upright, arms relaxed at sides.",[A] Arms at Sides (SETUP) Stand or sit tall. Arms completely relaxed. Jaw soft.,"[B] Roll Forward (ANTERIOR) Shrug shoulders up toward ears, then roll them forward and down. 6 slow rolls.","[C] Roll Back (POSTERIOR) Reverse — shrug up, roll back and down. 6 rolls. Feel the shoulder blades move and the chest open."
206,Sun Breath,"Arms overhead with breath, 6 cycles","Standing, feet hip-width, arms at sides.",[A] Stand Grounded (SETUP) Feet hip-width. Arms at sides. Close the eyes. Feel the weight of the body through the soles of the feet.,[B] Inhale & Rise (EXPAND) Breathe in slowly for 4 counts as arms sweep out to the sides and overhead. Palms meet or stay wide.,[C] Exhale & Lower (GROUND) Breathe out for 6 counts as arms float back down. Feel the chest and ribcage expand on the inhale. 6 full cycles.
301,Legs Up the Wall,"Passive inversion, 2–3 minutes","Lying on your back, scooted close to a wall.","[A] Setup (SETUP) Sit sideways against the wall, then swing legs up. Hips as close to the wall as comfortable. Arms out at sides, palms up.",[B] Hold & Breathe (RESTORE) Let gravity drain the legs. Close the eyes. Breathe naturally. This posture reverses venous pooling and calms the nervous system.,
302,Reclined Butterfly,"Supine bound angle, hips open","Lying on your back, soles of feet together.",[A] Soles Together (SETUP) Lie on back. Bring the soles of your feet together and let knees fall wide. Place hands on belly or out at sides.,[B] Gravity Hold (RELEASE) Let the inner thighs and groin soften completely. Do not push. Hold 60–90s.,
303,Knees to Chest Rock,Gentle lumbar massage,"Lying on your back, knees hugged to chest.",[A] Hug Knees (SETUP) Lie on back. Hug both knees to chest. Interlock fingers over shins.,[B] Rock Side to Side (MASSAGE) Rock gently left and right. Let the lower back release against the floor. 10–15 slow rocks.,
304,Supine Twist,"Extended hold, both sides","Lying on your back, one knee drawn to chest.","[A] Setup (SETUP) Lie on back. Draw right knee to chest. Arms in a T, shoulders grounded.",[B] Cross Right (TWIST) Guide right knee across to the left with left hand. Turn gaze right. Hold for 45–60s.,[C] Cross Left (TWIST) Return through center. Draw left knee across right. Gaze left. Hold another 45–60s.
305,4-7-8 Breath,Parasympathetic activation,Seated comfortably or lying down.,"[A] Comfortable Position (SETUP) Lie flat or sit upright. Eyes closed. Place one hand on the chest, one on the belly.",[B] Inhale 4 (INHALE) Breathe in through the nose for 4 slow counts. Feel the belly rise before the chest.,"[C] Hold 7, Exhale 8 (EXHALE) Hold for 7 counts. Exhale completely through the mouth for 8 counts. Repeat 4–6 cycles."
401,Standing Chest Opener,Hands clasped behind back,Standing upright.,[A] Stand Tall (SETUP) Stand away from your chair. Feet hip-width. Interlace fingers behind your back.,"[B] Open & Lift (STRETCH) Straighten arms, draw shoulder blades together, lift hands slightly. Open chest toward ceiling. Hold 20–30s.",
402,Chin Tucks,Cervical retractions,"Seated upright in a chair, eyes level.",[A] Neutral Head (SETUP) Sit or stand tall. Eyes level. Shoulders relaxed.,[B] Retract (CERVICAL) Draw chin straight back — not down. Create a slight double chin. Hold 2s. 10 reps.,
403,Thoracic Rotations,"Seated, hands behind head","Seated in a chair, hands behind your head.",[A] Sit Tall (SETUP) Sit at edge of chair. Feet flat. Interlace hands behind head. Elbows wide. Spine long.,[B] Rotate Right (THORACIC) Rotate upper body to the right — elbows leading. Keep hips square. Hold 2s at end range.,"[C] Rotate Left (THORACIC) Return through center, rotate left. Equal range each side. The rotation comes from the mid-back, not the neck."
404,Standing Hip Flexor Stretch,"Kneeling lunge, 30s each side","Standing, about to step into a lunge.","[A] Half Kneel (SETUP) Kneel on right knee, left foot forward. Hips square. Hands on left thigh for support.",[B] Shift Forward (STRETCH) Gently shift weight forward until you feel a stretch in the right hip flexor. Keep torso upright. Hold 30s each side.,
405,Wrist & Forearm Release,"Both directions, 30s each","Standing or seated, one arm extended in front of you.","[A] Extend Arm (SETUP) Extend one arm forward, palm facing down. Use other hand to gently pull fingers back toward you.","[B] Flex Stretch (FOREARM) Hold 15–20s. Feel the forearm extensors lengthen. Reverse — palm up, pull fingers down. Hold 15–20s. Switch arms.",
406,Neck Side Tilts,"Gravity only, 20s each side","Seated or standing upright, shoulders relaxed.",[A] Sit Tall (SETUP) Sit at edge of chair. Spine long. Shoulders down and relaxed.,[B] Drop Right (STRETCH) Let right ear fall toward right shoulder. Gravity only — no forcing. Left shoulder stays grounded. 20s.,[C] Drop Left (STRETCH) Return through center. Drop left ear. 20s. Return slowly.
501,Chin Tucks,"Cervical retraction, 10 reps","Seated upright, eyes level with the horizon.",[A] Sit or Stand Tall (SETUP) Eyes level with horizon. Shoulders relaxed down. Jaw soft. This is the single most important correction for forward head posture.,[B] Retract (CERVICAL) Draw chin straight back — not down. Create a slight double chin. Hold 2s. Feel a stretch at the base of the skull. Release slowly. 10 reps.,
502,Neck Side Tilt,"Gravity only, 30s each side","Seated upright, shoulders relaxed and level.",[A] Sit Tall (SETUP) Sit or stand. Spine long. Shoulders relaxed down away from ears. Eyes forward.,[B] Right Ear Down (STRETCH) Let the right ear fall toward the right shoulder. Do not force — use gravity only. Hold 30s. Left shoulder stays down.,"[C] Left Ear Down (STRETCH) Return through center, drop left ear. Hold 30s. For deeper release, rest hand lightly on top of head — do not pull."
503,Levator Scapulae Stretch,"Corner neck stretch, 30s each","Seated, one hand anchoring the shoulder down.",[A] Turn & Tilt (SETUP) Turn head 45° to the right and tilt chin toward the right armpit. Feel the stretch from the base of the skull toward the left shoulder blade.,"[B] Add Weight (DEEPEN) Rest the right hand gently on the back of the head — do not pull. Hold 30s. Switch sides. This targets the levator scapulae, the most screen-tension muscle.",
504,Upper Trap Release,"Seated hand hold, 30s each","Seated, one hand holding the seat edge for traction.",[A] Anchor Shoulder (SETUP) Sit on right hand to anchor the right shoulder down. Sit tall. This prevents the shoulder from shrugging up and reduces the stretch.,"[B] Lean Left (STRETCH) With right shoulder anchored, slowly tilt the head to the left and slightly forward. Feel the right upper trap lengthen. Hold 30s. Switch.",
505,Thread the Needle,Thoracic rotation from tabletop,"On all fours — hands under shoulders, knees under hips.","[A] Tabletop (SETUP) Hands under shoulders, knees under hips. Spine neutral. Take a breath before moving.",[B] Thread Right (ROTATE) Slide right arm along the floor under the left arm. Right shoulder and ear rest on floor. Hold 30s. Feel the mid-back open.,[C] Thread Left (ROTATE) Return to tabletop. Left arm threads under right. Hold 30s each side. This releases the thoracic spine that screen time locks up.
506,Eagle Arms,"Shoulder blade separation, 30s each","Seated or standing upright, arms at your sides.",[A] Cross Arms (SETUP) Sit or stand tall. Cross right arm over left at the elbows. Wrap forearms and try to bring palms together.,[B] Lift & Hold (STRETCH) Lift elbows to shoulder height. Feel the space between the shoulder blades open. Hold 30s. Switch arm cross. Targets the rhomboids.,
507,Chest Opener with Clasp,"Behind-back retraction, 30s","Standing upright, hands clasped behind your back.",[A] Clasp Behind (SETUP) Stand tall. Interlace fingers behind the back. Straighten arms. Draw shoulder blades together gently.,[B] Lift & Open (EXPAND) Lift clasped hands slightly away from the body. Open the chest. Chin slightly up. Hold 30s. This directly counters the forward curl of screen posture.,
601,90/90 Hip Stretch,"Both sides, 60s each","Seated on the floor, both knees bent at 90°.","[A] Sit to Floor (SETUP) Sit on the floor. Right leg bent in front at 90°, knee and ankle on the ground. Left leg bent behind at 90°. Both shins parallel.",[B] Sit Tall Over Front Leg (INTERNAL) Sit upright over the front (right) shin. Feel the external rotation of the right hip. Press the right knee gently toward the floor. Hold 60s.,[C] Hinge Forward (DEEPEN) Hinge at the hips and walk hands forward over the front shin. Keep spine long — do not round. Hold 30s additional. Switch sides.
602,Kneeling Hip Flexor Stretch,"Low lunge, 60s each side","In a half-kneeling lunge, one knee on the floor.","[A] Half Kneel (SETUP) Kneel on right knee, left foot forward. Hips square. Stack left knee over left ankle. Place hands on left thigh.",[B] Shift & Tuck (STRETCH) Shift hips forward until you feel a deep stretch in the right hip flexor and front of the right thigh. Tuck the pelvis slightly under — do not arch the lower back.,[C] Arm Reach (DEEPEN) Reach right arm overhead and lean slightly left. This lengthens the hip flexor through the full chain to the ribcage. Hold 60s. Switch sides.
603,Pigeon Pose,"Supported, 90s each side","On the floor, front shin angled across the body.","[A] Setup (SETUP) From tabletop, slide right knee forward behind right wrist. Extend left leg straight back. Right ankle moves toward left hip — the sharper the angle, the more intense. Important: the stretch should always be felt in the outer hip, never in the knee. If you feel any sensation in the knee joint, back the ankle closer to your body.",[B] Square Hips (ALIGN) Place a folded blanket or block under the right glute if the hip doesn't reach the floor. Hips stay as square as possible — do not let the pelvis tilt to one side.,[C] Fold Forward (RELEASE) Walk hands forward and lower chest toward the floor. Rest on forearms or forehead. Let the right hip surrender completely. Breathe into the outer right hip. Hold 90s.
604,Supine Figure Four,"Piriformis release, 60s each","Lying on your back, knees bent, feet flat.","[A] Setup (SETUP) Lie on back, knees bent, feet flat. Cross right ankle over left knee. Flex the right foot to protect the knee joint.",[B] Draw In (STRETCH) Clasp hands behind left thigh and draw both legs toward chest. Feel the stretch deep in the right outer hip and glute. This targets the piriformis — the primary sciatic nerve compressor.,[C] Rock Gently (RELEASE) Rock slowly left and right to find the deepest point of tension. Hold 60s. Switch sides. Do not pull aggressively — let the muscle release on its own timeline.
605,Butterfly Stretch,"Soles together, gravity hold","Seated on the floor, soles of feet together.","[A] Sit Tall (SETUP) Sit on the floor. Bring soles of feet together, letting knees fall wide. Hold feet with both hands. Sit on a folded blanket if the lower back rounds.",[B] Let Knees Drop (ADDUCTORS) Do not press the knees down. Let gravity do the work. The inner thighs and groin will release over time — not through force. Hold 60s.,"[C] Hinge Forward (DEEPEN) Hinge forward at the hips — spine long, not rounded. Walk hands forward. Feel the inner groin deepen. Hold 30s. Return upright slowly."
606,Lateral Hip Opener,"Side-lying stretch, 45s each","Lying on your side, legs stacked.","[A] Side Lie (SETUP) Lie on your right side. Right arm extended, right ear resting on it. Stack hips and shoulders. Both knees bent at 90°.","[B] Open Top Knee (ABDUCTOR) Keeping feet together, lift the left knee toward the ceiling like a clamshell opening. Do not let the pelvis roll back. Hold at the top 2s.","[C] Hip Circle (MOBILIZE) From open, draw a slow circle with the left knee — forward, down, back, up. 5 circles each direction. Feel the femoral head moving freely in the socket. Switch sides."
607,Standing Hip Circles,"Full rotation, both directions","Standing, feet hip-width, hands on hips.",[A] Stand Tall (SETUP) Feet hip-width. Hands on hips. Soft knees. Eyes forward or closed. This is the integration movement — done last to bring range into a standing pattern.,"[B] Slow Circles (MOBILIZE) Make large, slow circles with the pelvis — forward, right, back, left. Exaggerate the range in each direction. 8 circles clockwise.","[C] Reverse (MOBILIZE) 8 circles counter-clockwise. Move deliberately through any stiff points rather than skipping past them. The goal is a smooth, continuous arc."
701,Knee Hugs,"Lumbar decompression, 60s",Lying on your back.,[A] Flat on Back (SETUP) Lie on your back. Let the whole body be heavy. Take two slow breaths before moving — this releases baseline tension before you begin.,[B] Hug Both Knees (DECOMPRESS) Draw both knees to chest. Wrap arms around shins. Rock gently side to side. Feel the lower back lengthen and release against the floor.,[C] Hold Still (RELEASE) Find the position of most ease and hold completely still. Breathe into the lower back. Feel the lumbar vertebrae gently separate with each inhale. 60s total.
702,Supine Pelvic Tilts,Supine posterior/anterior tilt,"Lying on your back, knees bent, feet flat.",[A] Lie on Back (SETUP) Small natural arch in lower back — this is neutral. Arms flat at sides. Do not flatten the back before you begin.,[B] Posterior Tilt (CORE) Gently press the lower back into the floor by engaging the deep abdominals. Hold 2s. The movement is subtle — this is not a crunch.,[C] Return to Neutral (RELEASE) Let the arch return. Move slowly and smoothly between positions. This re-educates the muscles that stabilise the lumbar spine.
703,Cat–Cow,"Slow and segmental, 10 cycles","On all fours — hands under shoulders, knees under hips.",[A] Neutral Tabletop (SETUP) Spine neutral. Take one full breath here before moving. This is the most therapeutic movement for the lumbar spine.,[B] Cat — Exhale (FLEX) Round the spine segment by segment toward the ceiling. Tuck chin and pelvis. Exhale fully. Move slowly — feel each vertebra.,"[C] Cow — Inhale (EXT) Let the belly drop, lift gaze and tailbone gently. Do not compress — open. Inhale fully. 10 slow cycles. Increase the range gradually as the back warms."
704,Child's Pose,"Extended hold, 90s","Kneeling, about to sit back toward your heels.","[A] Kneel Back (SETUP) From tabletop, sit hips back toward heels. Knees hip-width or wider. Toes together. Arms extend forward or rest alongside the body.",[B] Forehead Down (DECOMPRESS) Rest forehead on floor or hands. Let the whole spine lengthen. Breathe into the back body — feel the ribcage expand outward with each inhale.,[C] Side Reach (LATERAL) Walk both hands to the right. Feel the left side of the body lengthen. Hold 30s. Return through center. Walk hands left. Hold 30s. Return.
705,Windshield Wipers,"Slow rotation, 10 reps each","Lying on your back, knees bent, arms in a T.","[A] Supine Setup (SETUP) Knees bent, feet flat and hip-width. Arms in a T, palms down. Shoulders stay grounded throughout.",[B] Lower Right (ROTATE) Let both knees fall slowly to the right — only as far as comfortable. Breathe out. Feel the lumbar spine rotate and release. Shoulders do not lift.,"[C] Lower Left (ROTATE) Sweep knees back through center and lower to the left. Slow, windshield-wiper pace. This is traction for the lumbar vertebrae — gravity does the work."
706,Reclined Spinal Twist,"Extended hold, 60s each side",Lying on your back.,"[A] Setup (SETUP) Lie on back. Draw right knee to chest. Arms in a T, shoulders heavy. This passively rotates the lumbar spine and releases the QL — the deepest lower back muscle.","[B] Cross Right (TWIST) Guide right knee across to the left with left hand. Right arm extends, turn gaze right. Let gravity take the knee toward the floor — do not force it. Hold 60s.",[C] Cross Left (TWIST) Return through center slowly. Draw left knee across to the right. Gaze left. Hold 60s. Equal time each side. The release often comes in the final 20 seconds.
707,Legs Up the Wall,"Passive inversion, 2 minutes","Lying on your back, scooted close to a wall.","[A] Setup (SETUP) Sit sideways against a wall, then swing legs up. Hips as close to the wall as comfortable — it is fine to have a slight bend in the knees.","[B] Settle & Breathe (RESTORE) Let the lower back release toward the floor. Arms out at sides, palms up. Eyes closed. This drains venous pooling from the legs and decompresses the lumbar spine passively.","[C] Stay (RELEASE) Simply remain here. Breathe slowly. Each exhale, let the body get heavier. This is the most restorative position for a fatigued lower back. Two full minutes."
801,Weight Shifts,"Ankle strategy training, standing","Standing, feet hip-width, near a wall for safety.",[A] Neutral Stance (SETUP) Stand feet hip-width. Arms relaxed at sides. Soft knees — never locked. Eyes on a fixed point at eye level.,"[B] Side-to-Side Shifts (ANKLE) Slowly shift your weight to the right until the left foot is nearly unloaded. Pause 2 seconds. Shift left. Use your ankles, not your hips — think of yourself as a pendulum, not a seesaw.","[C] Forward & Back (PROPRIOCEPTION) Shift weight forward toward the balls of your feet, then back toward the heels. Stay within a comfortable range. Feel the floor through your feet — this is your sensory feedback loop."
802,Single-Leg Stance,Vestibular & glute med activation,"Standing near a wall, balanced on one foot.","[A] Stand Tall (SETUP) Stand near a wall or sturdy chair within arm's reach — use it for safety, not support. Find a fixed point at eye level to focus on — this is your visual anchor. Arms at sides or lightly touching the wall.","[B] Lift One Foot (BALANCE) Lift one foot a few inches off the floor. Keep the stance leg slightly bent — never lock the knee. The hip of the lifted leg should drop slightly, which means the standing glute med is working. Hold 20–30 seconds each side.","[C] Eyes Closed Progression (VESTIBULAR) Once stable with eyes open, close them. This removes visual compensation and forces the vestibular and somatosensory systems to do the work. Even 5–10 seconds eyes-closed is a meaningful challenge."
803,Tandem Walking,"Heel-to-toe, narrow base of support",Standing at one end of a clear path.,[A] Starting Position (SETUP) Stand tall. Heel of one foot touching the toes of the other. Find a line on the floor or imagine a tightrope. Arms out at sides for balance assist if needed.,"[B] Walk Forward (BALANCE) Step forward, placing the heel of the leading foot directly against the toes of the back foot. Take 10 slow, deliberate steps forward. Eyes forward — not down at your feet.","[C] Walk Backward (VESTIBULAR) Reverse direction — 10 steps back, toe touching heel. Walking backward is a separate vestibular challenge. Move slowly. This is a clinical tool used in fall prevention programs."
804,Grapevine Walk,"Lateral crossover steps, hip coordination",Standing with space to move laterally.,"[A] Side Start (SETUP) Stand tall, feet together. You will move laterally. Clear enough space for 8–10 sideways steps. Arms out slightly for balance.",[B] Cross & Step (COORDINATE) Step right with the right foot. Cross the left foot in front of the right. Step right again. Cross left foot behind the right. Repeat continuously. The alternating front/back crossover is the key pattern — it requires the brain to sequence hip abductor and adductor firing.,"[C] Reverse Direction (BILATERAL) Lead with the left foot back across the same path. Each direction uses a different motor pattern. Aim for smooth, continuous movement — choppy steps mean the brain is still learning the sequence."
805,Lateral Step-Downs,"Eccentric quad loading, 4-inch step","Standing on a low step or curb, one foot at the edge.","[A] Find Your Step (SETUP) Stand on the edge of a bottom stair, curb, or low stool (4–6 inches high). Stand sideways so one foot is on the edge. The other foot hangs free over the side. Hold a wall lightly for safety — not for support.",[B] Slow Descent (ECCENTRIC) Bend the standing leg to slowly lower the hanging foot toward the floor. Take 3–4 full seconds to descend. The standing knee should track directly over the second toe — not collapsing inward. This slow lowering is the entire point: you are training the quad to control deceleration.,"[C] Return to Top (CONTROL) Before the hanging foot touches the floor, reverse direction and press back to standing. Do not push off the lower foot — all the work comes from the standing leg. Switch sides after all reps."
901,Thoracic Extension,Over chair back — mid-spine mobilization,"Seated in a chair, hands behind your head.","[A] Chair Setup (SETUP) Sit at the edge of a firm chair. Place both hands behind your head, fingers interlaced, supporting the weight of your head. Identify the middle of your back — the thoracic spine, roughly between your shoulder blades. This is the target.",[B] Arch Back (EXTEND) Lean back so the top edge of the chair back contacts your mid-spine. Let the upper back gently arch over the support. Do not extend the lower back or neck — this is a thoracic-only movement. Breathe out as you arch. Feel the front of the chest opening.,[C] Segment & Breathe (MOBILIZE) Hold for 2–3 breaths at each level. Then shift slightly up or down the chair back to target adjacent segments. 3–5 positions across the thoracic spine. Never force — the weight of your head is sufficient traction.
902,Neck CARs,Controlled Articular Rotation — cervical spine,"Seated or standing upright, spine long.","[A] Setup & Brace (SETUP) Sit or stand tall. Pack the shoulders down away from ears. Engage the muscles of the neck lightly — imagine you are trying to make a double chin. This pre-tension is what makes CARs different from a regular neck stretch: the joint moves, the surrounding tissues stay engaged.","[B] The Half-Arc (CARS) Begin by drawing your chin toward your chest. Slowly arc the head to the right — ear toward right shoulder, continuing the arc until the ear moves toward the left shoulder, then chin returns to chest. One full half-arc takes 8–10 seconds. Move as if carving through resistance. Never tilt the head back — the arc travels chin to chest only, never through the back of the neck.","[C] Reverse & Repeat (END-RANGE) At any point where you feel stiffness or reduced range, slow down further and breathe into that position. Do not push through pain or any sharp sensation. Reverse direction for one full arc. 2–3 rotations each direction is sufficient. If you feel dizziness at any point, stop immediately and rest."
903,Shoulder CARs,Controlled Articular Rotation — glenohumeral joint,"Standing, one arm at your side.","[A] Setup & Lock Down (SETUP) Stand tall. Work one arm at a time. Before moving, engage the lat on the working side — imagine trying to crush a walnut in your armpit. This stabilizes the scapula so the ball-and-socket joint does the work, not the whole shoulder blade.","[B] Full Arc Forward (CARS) Keeping the arm straight and under tension, lift it forward and up overhead in a large circle. As it passes overhead, rotate the palm to face behind you, then continue the circle down behind your back as far as your range allows. Move through thick resistance. The entire arc should take 10–12 seconds.","[C] Reverse Arc (END-RANGE) At the limit of your range behind the body, pause and breathe. Reverse the circle — same path, same resistance, same slow pace. Switch arms after 2 full rotations. The shoulder that feels stuck is the one that needs this most."
904,Wrist CARs,Controlled Articular Rotation — radiocarpal joint,"Seated or standing, forearms resting or extended.","[A] Setup (SETUP) Sit or stand. Extend both arms in front at shoulder height. Make loose fists. Engage the forearm muscles lightly — you should feel mild tension in the forearm, not the fingers. This active tension is what makes this therapeutic rather than passive.","[B] Full Rotation (CARS) Slowly rotate both wrists simultaneously through their full available range: flex down, rotate toward the little finger side, extend back, rotate toward the thumb side. One full circle takes 6–8 seconds. Move as if drawing large circles in the air with your knuckles.","[C] Reverse & Isolate (END-RANGE) Reverse direction for equal rotations. If one wrist has less range in a particular direction, slow down there — that is where the synovial fluid is most restricted. 4–5 rotations each direction is a complete set."
905,Hip CARs,Controlled Articular Rotation — hip joint,"Standing, one hand lightly on a wall for balance.",[A] Setup & Stabilize (SETUP) Stand on one leg. Hold a wall lightly with one hand for safety only — not for balance support. Engage the standing glute to keep the pelvis completely still. The entire point of Hip CARs is that the pelvis does not move — only the femur in the hip socket. Squeeze the core before lifting the leg.,"[B] Full Circumduction (CARS) Lift the free knee and begin rotating the hip: knee lifts forward, swings out to the side, extends behind the body, sweeps back to center. One full rotation takes 8–10 seconds. Keep the circle as large as your range allows while the pelvis stays completely still. If the hip hikes or the lower back twists, you have exceeded your available range — make the circle smaller.","[C] Reverse & Switch (END-RANGE) Reverse direction for the same number of rotations. At any restricted point in the arc, slow further and breathe. 2–3 rotations each direction, each side. The hip that feels grinding or clicking is the one that needs the most consistent attention."
906,Ankle CARs,Controlled Articular Rotation — talocrural joint,"Seated or standing, one foot lifted off the floor.","[A] Seated Setup (SETUP) Sit in a chair. Cross one ankle over the opposite knee so the foot is free in the air. Hold the lower leg just above the ankle to stabilize the shin — you want the foot to move, not the whole leg. Engage the muscles of the lower leg lightly.","[B] Full Rotation (CARS) Draw the largest circle possible with your big toe. Move clockwise: point the foot forward, rotate out, flex back, rotate in. Take 5–6 seconds per full rotation. Most people discover significant restriction when moving into dorsiflexion (toes pulled back) — this is the direction that matters most for walking and balance.","[C] Reverse & Switch (END-RANGE) Reverse direction. 4–5 rotations each way per foot. If the ankle feels stiff or crunchy, this is synovial fluid restriction — not a reason to stop, but a reason to go slower and breathe through the range."
907,Adductor Rock-Back,Posterior hip capsule & inner thigh release,"On all fours, one knee wide to the side.","[A] Quadruped Setup (SETUP) Begin on hands and knees. Hands under shoulders, knees under hips. Spine neutral. Extend one leg directly out to the side — keep it straight, toes pointing forward or slightly down. The extended leg forms a 90-degree angle with your body.","[B] Rock Back (STRETCH) Slowly shift your hips back toward your heels, keeping the extended leg in place. You will feel a deep stretch along the inner thigh and the back of the hip on the extended side. Take 3–4 seconds to rock back. Breathe out during the descent. Do not round the lower back.","[C] Rock Forward & Repeat (RELEASE) Rock forward to the starting position. Pause briefly, then rock back again. 8–10 slow repetitions, then switch sides. This movement targets the posterior hip capsule and adductors — two structures that chronic sitting locks into permanent shortening."
1001,Plantar Fascia Stretch,Seated toe extension hold,"Seated in a chair, one foot crossed over the opposite knee.",[A] Seated Setup (SETUP) Sit in a chair. Cross one foot over the opposite knee so the sole faces you. Hold the base of the toes with one hand. This is the windlass mechanism — the same tissue that loads with every walking step.,[B] Extend the Toes (STRETCH) Gently pull all toes back toward the shin until you feel a firm stretch along the arch. You should feel the plantar fascia tighten into a cord-like band. Hold this position — do not bounce. 30 seconds minimum. Research shows this specific stretch reduces morning pain more effectively than calf stretching alone.,"[C] Massage the Arch (RELEASE) While holding the toe extension with one hand, use the thumb of the other hand to apply firm, slow strokes along the arch from heel to ball of foot. 5–6 strokes per set. Switch feet."
1002,Seated Foot Roll,Plantar fascia myofascial release,"Seated in a chair, a ball or bottle under one foot.",[A] Find Your Tool (SETUP) A frozen water bottle is ideal — the cold provides additional anti-inflammatory benefit. A tennis ball or smooth water bottle at room temperature also works. Place it on the floor in front of your chair.,"[B] Roll the Arch (RELEASE) Place the arch of one foot on the bottle. Apply moderate downward pressure — enough to feel it, not enough to cause sharp pain. Slowly roll from the heel to the ball of the foot and back. 30 seconds per foot. Pause on any tender spots for 5–10 seconds rather than rolling through them.","[C] Target the Heel (FASCIAL) Shift pressure toward the heel — specifically the medial tubercle of the calcaneus, where the fascia attaches. This is typically the most sensitive spot. Use lighter pressure here. Slow, sustained pressure is more effective than rolling speed."
1003,Gastroc Stretch,"Standing calf stretch, straight knee","Standing, hands on a wall, one foot stepped back.","[A] Wall Setup (SETUP) Stand facing a wall, hands flat at shoulder height for support. Step one foot back about 18–24 inches, keeping both feet pointing straight forward. The back knee stays completely straight throughout — this targets the gastrocnemius, the larger calf muscle that crosses the knee.","[B] Lunge Forward (STRETCH) Bend the front knee and shift your weight forward until you feel a deep stretch in the calf of the back leg. Keep the back heel firmly on the floor — if it lifts, step the foot closer. Hold for 30–45 seconds. The gastroc is directly connected to the Achilles tendon, which loads the plantar fascia.","[C] Switch & Repeat (BILATERAL) Switch sides. If one side is significantly tighter, spend an extra round there. Tight calves are among the most common contributing factors to plantar fasciitis — they increase load on the fascia with every step."
1004,Soleus Stretch,Bent-knee calf stretch — deeper target,"Standing at a wall, back knee bent, rear heel down.","[A] Wall Setup (SETUP) Same starting position as the Gastroc Stretch — one foot stepped back, hands on wall. But this time, bend the back knee slightly. This small change completely shifts the stretch from the gastrocnemius to the soleus — the deeper, shorter calf muscle that attaches below the knee.","[B] Sink Into It (STRETCH) With the back knee bent, shift weight gently forward. The stretch will feel lower and deeper than the gastroc stretch — closer to the Achilles and heel. Keep the back heel on the floor. Hold 30–45 seconds. The soleus is often the tighter of the two calf muscles and the more overlooked.","[C] Switch Sides (BILATERAL) Repeat on the other side. If you have one-sided plantar fasciitis, pay particular attention to the soleus on that side. This stretch is often prescribed alone for cases where standard calf stretching hasn't helped."
1005,Toe Splay,Intrinsic foot muscle activation,Seated or standing barefoot on a firm surface.,"[A] Seated or Standing (SETUP) Sit or stand barefoot on a firm surface. Place both feet flat on the floor, parallel, hip-width apart. Relax everything from the ankle down — no gripping or curling of toes. Feel the full footprint on the floor.",[B] Spread All Toes (ACTIVATE) Actively spread all five toes as wide apart as possible without lifting the foot. Hold for 2 seconds. Most people discover they cannot independently move their toes much at all — this is normal and is exactly why this exercise exists. The abductor hallucis and the interossei are the target muscles.,"[C] Release & Repeat (CONTROL) Slowly release the spread. Pause 1 second. Repeat. If only some toes move, that is useful information — work with what you have. Over days and weeks, the range and independence improves noticeably."
1006,Arch Doming,Short foot exercise — intrinsic arch activation,"Seated, one foot flat on the floor.","[A] Setup (SETUP) Sit with one foot flat on the floor. The goal is to shorten the foot from heel to ball — creating a dome shape in the arch — without curling the toes. This is called the short foot exercise. It directly activates the flexor digitorum brevis and abductor hallucis, the primary arch-supporting muscles.","[B] Draw Heel to Ball (ACTIVATE) Without lifting the heel or curling the toes, try to drag the ball of the foot toward the heel. The arch should visibly rise. Hold for 3 seconds. This movement is subtle and mentally demanding. If the toes curl, relax them — the arch lift must come from the intrinsic muscles, not the long toe flexors.","[C] Release & Build (PROGRESS) Slowly release the arch. 10 reps per foot. As this becomes easier, progress to performing it standing, then standing on one leg. The short foot exercise is the single most prescribed intrinsic foot strengthening movement in sports PT and orthopedic rehabilitation."
1007,Big Toe Extension,Windlass mechanism mobilization,"Seated, foot flat on the floor.",[A] Seated Setup (SETUP) Sit with foot flat on the floor. Place two fingers lightly under the big toe. The big toe is the most mechanically important digit in walking — its extension during push-off is what tightens the plantar fascia like a winch (the windlass mechanism). Restricted big toe extension is a direct cause of arch strain.,"[B] Lift Only the Big Toe (ISOLATE) Lift only the big toe as high as possible, keeping the other four toes on the floor. Hold for 2 seconds. Then reverse — press the big toe down and lift the other four. This isolation trains the extensor hallucis and establishes independent toe control.","[C] Assisted Extension (MOBILIZE) Using your fingers, gently assist the big toe into full extension — past where it goes on its own. Hold for 5 seconds. This passively mobilizes the first metatarsophalangeal joint and stretches the intrinsic flexors. Restricted range here correlates directly with plantar fasciitis severity."
1008,Eccentric Heel Drops,Alfredson protocol — straight knee,"Standing on the edge of a step, heels hanging off the back.","[A] Step Edge Setup (SETUP) Stand on the edge of a step or curb with both feet, heels hanging off the back. Rise up onto both forefeet to the top position. This is the Alfredson protocol — the most evidence-backed exercise for plantar fasciitis and Achilles tendinopathy. Keep the working knee straight throughout.",[B] Single-Leg Lower (ECCENTRIC) Shift weight to one foot. Slowly lower the heel below the step level — taking a full 3 seconds to descend. You are loading the calf eccentrically: it is contracting while lengthening. This is the specific stimulus that promotes tendon and fascial remodeling. Do not rush.,"[C] Two-Leg Return (RESET) Use both feet to rise back to the top position. Switch the working leg. 15 reps each side. If this is painless, add load over time — a backpack with a book is sufficient. Mild discomfort during the movement is acceptable; sharp pain is not."
1009,Eccentric Soleus Drops,Bent-knee heel drops — deeper calf loading,"Standing on the edge of a step, heels hanging off the back.","[A] Step Edge, Knee Bent (SETUP) Same starting position as Eccentric Heel Drops — on a step edge, heels hanging. But this time, bend the working knee to approximately 30–40 degrees. This simple change shifts the load from the gastrocnemius to the soleus. The soleus attaches below the knee and is the primary load-bearing muscle of the calf during walking.","[B] Slow Descent (ECCENTRIC) Lower the heel slowly on the bent-knee leg — 3 full seconds down. Maintain the same knee angle throughout the descent. Do not let the knee straighten during the lowering phase or you shift back to the gastrocnemius. Feel the load deep in the lower calf, just above the heel.","[C] Two-Leg Return (RESET) Use both feet to return to the top. Switch sides. 15 reps each side. These two eccentric exercises — straight knee and bent knee — together cover the full calf-Achilles-fascia chain. Done consistently 3 days a week, clinical improvement is typically measurable within 6–8 weeks."
1010,Towel Scrunches,Flexor digitorum brevis strengthening,"Seated barefoot, a small towel flat under one foot.",[A] Towel Setup (SETUP) Sit barefoot with a small towel flat on the floor under one foot. The towel should be thin enough that you can feel the floor texture through it. No towel? Use a sock or work on a textured surface — the goal is toe flexion against mild resistance.,"[B] Scrunch & Hold (STRENGTHEN) Curl all five toes to scrunch the towel toward you. Use only the toes — do not slide the whole foot. Hold the scrunch for 2 seconds, then release fully. This targets the flexor digitorum brevis and the lumbricals — the small muscles that support the metatarsal arch, the often-overlooked transverse arch of the foot.","[C] Repeat & Switch (ENDURANCE) Continue for 20 seconds, then switch feet. 3 sets per side. As strength builds, progress to standing on one leg while performing the scrunch — this adds the balance challenge and integrates the intrinsic work into functional loading."
1100,Ankle Pumps & Circles,Circulation — prevents swelling and blood pooling,"Seated in your seat, feet flat on the floor.","[A] Seated Start (SETUP) Sit upright, feet flat on the floor. Lift both feet slightly so heels rest lightly. No need to remove shoes.","[B] Pump Up & Down (CIRCULATE) Flex feet up (toes toward shins) then point down — 20 slow repetitions. This activates the soleus muscle, which acts as a second heart to pump blood back from the legs.","[C] Slow Circles (MOBILIZE) Rotate each ankle in slow, full circles — 10 clockwise, 10 counter-clockwise per foot. Imagine drawing large, smooth circles in the air with your big toe."
1101,Seated Glute Squeezes,Prevents gluteal amnesia from prolonged pressure,"Seated in your seat, feet flat.","[A] Neutral Sit (SETUP) Sit tall, feet flat. No leaning — weight distributed evenly through both sit bones. Shoulders relaxed.",[B] Squeeze & Hold (ACTIVATE) Squeeze both glutes firmly together. Hold for 5 seconds. Breathe normally — do not hold your breath or brace the upper body.,[C] Release & Repeat (RESET) Release completely for 5 seconds. 10 repetitions. Prolonged pressure switches off the glutes over time — this keeps the tissue and motor signal alive.
1102,Seated Cat-Cow,Lubricates intervertebral discs compressed under cabin pressure,"Seated upright in your seat, hands on knees.",[A] Hands on Knees (SETUP) Sit at the front third of your seat. Hands resting on knees. Spine neutral. Take one breath here.,"[B] Arch — Inhale (EXT) Inhale as you arch the low back, lift the chest, and gently look upward. Let the spine extend segmentally from tailbone to neck.","[C] Round — Exhale (FLEX) Exhale fully as you round the spine, tuck the chin, and pull the navel in. Feel each vertebra flex. 8–10 slow cycles."
1103,Peripheral Vision Softening,Down-regulates the nervous system during stress or turbulence,"Seated, eyes open and gaze forward.",[A] Soft Gaze Forward (SETUP) Let your eyes relax and unfocus slightly. Do not look at a screen or read. Allow the gaze to become wide and diffuse.,"[B] Expand Peripheral Awareness (DOWNREGULATE) Without moving your eyes, softly notice the full width of your visual field — the edges of the cabin, movement in your periphery. This is panoramic vision, the same visual state predators use when resting.","[C] Hold & Breathe (CALM) Maintain this soft, wide gaze for 60–90 seconds. Breathe slowly. This activates the parasympathetic nervous system and reduces the threat-detection response that makes turbulence feel dangerous."
1104,Standing Psoas Release,Long-axis stretch for hip flexors shortened during travel,"Standing, about to step into a shallow lunge.",[A] Shallow Lunge (SETUP) Step forward into a shallow lunge — not a deep split. Back knee can be raised or lowered. Both feet point forward. Keep torso upright.,[B] Pelvic Tuck & Lean (STRETCH) Tuck the pelvis slightly (posterior tilt) to flatten the low back. Gently lean the torso toward the front leg. You will feel a deep stretch at the front of the back hip — this is the psoas.,"[C] Hold & Breathe (RELEASE) Hold 30–45 seconds each side. With each exhale, allow the hip to sink a little further. Do not force — the psoas responds to patience, not pressure."
1105,Wall Slides (W to Y),Activates lower trapezius to fix 'luggage shoulder',Standing with your back flat against a wall.,"[A] Wall Contact (SETUP) Stand with head, upper back, and glutes touching the wall. Arms in a W shape — elbows bent, backs of hands against the wall. This is your baseline.","[B] Slide to Y (ACTIVATE) Keeping the backs of hands and elbows touching the wall, slowly slide arms upward until they form a Y overhead. If contact is lost, reduce range. The lower trapezius must fire to keep the shoulder blades down and in.",[C] Slow Return (CONTROL) Lower arms back to W in 3 seconds. Do not shrug or let shoulders elevate. 10 reps. This directly reverses the upper trap dominance that carrying luggage creates.
1106,Open Book Stretch,Restores thoracic rotation — the first thing to lock after travel,"Lying on your side, knees stacked at 90°.",[A] Side-Lying Setup (SETUP) Lie on your side with hips and knees bent to 90°. Stack knees together. Extend both arms forward at shoulder height. Place top hand on top knee to keep hips anchored.,"[B] Open the Top Arm (ROTATE) Keeping the bottom knee stack stable, slowly rotate the top arm up, back, and toward the floor behind you — like opening a book. Let the chest and thoracic spine follow the arm.",[C] Hold & Return (RELEASE) Hold for 3–5 breaths at the end range. Do not force the shoulder to the floor — let gravity do it gradually. Return slowly. 5 reps each side.
1107,Physiological Sigh,Rapidly offloads CO₂ and signals the brain you have arrived safely,Seated or lying down — any comfortable position.,[A] Relax Completely (SETUP) Sit or lie comfortably. Let the body be heavy. Close the eyes. This is not just breathing — it is a signal to the nervous system that the travel phase is over.,"[B] Double Inhale (CO2 OFFLOAD) Breathe in through the nose to about 80% capacity, then sniff in a second short inhale to fully inflate the lungs. This pops collapsed air sacs (alveoli) and maximizes surface area for CO₂ exchange.","[C] Long Exhale (DOWNREGULATE) Release a long, slow exhale through the mouth — twice as long as the inhale. 3–5 rounds. Each cycle measurably reduces physiological arousal. You will feel the nervous system shift."
1108,Doorway Pec Stretch,Counteracts internal shoulder rotation from carrying bags,"Standing in a doorway, forearms on the frame.","[A] Doorway Setup (SETUP) Stand in a doorway. Place both forearms on the door frame at 90° — elbows at shoulder height, upper arms parallel to floor. Step one foot forward.",[B] Lean Through (STRETCH) Gently shift your weight forward through the doorway. Let the chest open. You should feel a stretch across the pectorals and front of the shoulders.,"[C] Hold & Breathe (RELEASE) Hold 30–45 seconds. On each exhale, allow the chest to open a fraction more. Do not shrug the shoulders up. Switch foot position halfway through."
1109,Glute Bridge,Re-engages the posterior chain after hours of sitting,"Lying on your back, knees bent, feet flat on the floor.","[A] Supine Setup (SETUP) Lie on your back. Feet flat, hip-width, heels 6 inches from glutes. Arms flat at sides. This is your reset position after travel.","[B] Drive & Lift (ENGAGE) Press through the heels and lift the hips until shoulders, hips, and knees form a straight line. Squeeze the glutes firmly at the top. Hold 2 seconds.",[C] Lower Slowly (CONTROL) Lower with control — 3 seconds down. Do not let the hips crash. The slow descent builds the posterior chain that sitting disengages.
2000,Thoracic Extension (foam roller),Extension options,Seated or supine with foam roller/rolled towel under the upper back (shoulder blade level).,[A] Setup (SETUP) Place foam roller or rolled towel under upper back. Keep knees bent and feet on the floor if lying.,[B] Extend (EXTEND) Support your head with hands and gently arch back over the roller. Pause and breathe for 3-5 breaths.,"[C] Alternative (VARIATION) If no roller, use a chair back, wall, or puppy-pose quadruped variation to find comfortable extension."
2001,Cat–Cow,Segmental flexion/extension,"On all fours, neutral spine.","[A] Neutral Tabletop (SETUP) Hands under shoulders, knees under hips. Neutral spine, neck long.","[B] Cow — Inhale (EXTEND) Inhale, drop the belly, lift the chest and tailbone.","[C] Cat — Exhale (FLEX) Exhale, round through the spine segment by segment. Move slowly for 10 cycles."
2002,Thoracic Rotation,"Rotation, 5–10 per side",Seated or kneeling with arms crossed.,[A] Seated Setup (SETUP) Sit tall with hands across chest or arms hugging shoulders.,"[B] Rotate (ROTATE) Rotate upper body gently to one side, keeping hips facing forward. Return and repeat other side.",
2003,Wall Angels,Scapular retraction & mobility,Standing with back against a wall.,"[A] Wall Contact (SETUP) Head, upper back and glutes touch the wall. Arms in a W at shoulder height.",[B] Slide to Y (ACTIVATE) Slide arms up overhead into a Y keeping contact with the wall. Return slowly.,
2004,Chin Tucks,Cervical retraction,Seated or standing tall.,"[A] Setup (SETUP) Sit or stand tall, eyes forward.","[B] Tuck (NECK) Draw chin straight back (not down), hold gently for 3–5 seconds then release.",
2005,Thread the Needle,Thoracic rotation & shoulder release,"All fours — hands under shoulders, knees under hips.","[A] Setup (SETUP) From tabletop, reach one arm under the body and rest shoulder on the floor.",[B] Hold (RELEASE) Breathe here 20–30 seconds per side and feel rotation through the upper back.,
2006,Child's Pose,Gentle spine flexion & reset,Kneel and reach arms forward.,[A] Kneel & Fold (SETUP) Sit back toward heels and fold forward with arms extended. Relax the chest toward the floor.,,
2007,Hand on Heart,Self-compassion activation through physical self-touch,"Seated or lying down, in any comfortable position.","[A] Place Both Hands (SETUP) Place one or both hands flat on the center of the chest, over the heart. Close the eyes. Physically feel the warmth of your own hands through the fabric. This simple gesture activates the same neurological pathway as receiving care from another person — the body does not fully distinguish the source of the touch.",[B] Feel the Heartbeat (CONNECT) Press gently until you can feel your heartbeat — or simply feel the rise and fall of the chest with the breath. Acknowledge: this heart has been beating for your entire life without your asking it to. It does not need you to be anxious on its behalf. Let it do its work.,"[C] Breathe Into the Hands (SOFTEN) Breathe slowly, imagining the breath flowing to and from the hands. With each exhale, consciously soften the area beneath the palms. Dr. Kristin Neff's research on self-compassion shows this gesture measurably reduces cortisol and activates the caregiving system — the same system that calms an anxious child also calms an anxious adult."
2008,Earlobe Circles,Auricular vagal branch stimulation through ear massage,"Seated, both hands raised to the ears.","[A] Find the Earlobes (SETUP) Reach up and gently take both earlobes between the thumb and index finger. The ear — specifically the concha and tragus — contains a branch of the vagus nerve called the auricular branch. Gentle stimulation here has been shown in clinical studies to increase heart rate variability, a direct marker of parasympathetic tone.","[B] Slow Circles and Gentle Pulls (STIMULATE) Make slow, gentle circles with the earlobes. Then gently pull the lobes downward — a slow, steady traction. Move to the outer ear rim (helix) and trace it slowly from bottom to top with the thumb. Take your time. This is not massage — it is gentle, deliberate stimulation.","[C] Continue and Breathe (TONE) Continue for the full minute, working both ears simultaneously. Breathe slowly — long exhales enhance the effect. You may notice a warmth in the ears, a softening of tension in the jaw, or a gentle heaviness behind the eyes. These are signs of vagal activation. This technique is used in integrative medicine for acute anxiety and insomnia."
2010,Wrist Flexor Stretch,Stretch the palm-side forearm,"Seated or standing, arm extended.",[A] Setup (SETUP) Extend the arm with palm facing up.,[B] Stretch (STRETCH) Use the other hand to gently pull fingers back toward you. Hold 30s per side.,
2011,Wrist Extensor Stretch,Stretch the top forearm,Arm extended palm down.,[A] Setup (SETUP) Extend the arm with palm facing down.,[B] Stretch (STRETCH) Use the other hand to press the fingers toward the forearm. Hold 30s per side.,
2012,Median Nerve Glide,Nerve mobility,"Seated, arm supported.",[A] Setup (SETUP) Start with a neutral wrist and fingers.,"[B] Glide (GLIDE) Make a fist, then straighten fingers and thumb across the palm. Repeat smoothly for 10 reps.",
2013,Prayer Stretch,Gentle wrist flexion,Standing or seated at chest height.,"[A] Prayer Setup (SETUP) Bring palms together at chest, fingers pointing up.",[B] Lower (STRETCH) Slowly lower hands while keeping palms together to stretch the wrists. Hold 20s.,
2014,Shakeout & Fist Pumps,Loosen the hands and forearms,Standing or seated.,[A] Shake (RELEASE) Shake both hands loose for 15 seconds.,[B] Fist Pumps (ACTIVATE) Alternate making a fist and opening the hand with punch-like pumps for 15 seconds.,
2101,Progressive Muscle Relaxation,Systematic tension-release that discharges stored muscular stress,"Lying on your back on the floor or a firm surface, arms at sides.","[A] Feet, Calves & Thighs (LOWER BODY) Starting at the feet: curl the toes and tense the feet hard for 5 seconds, then release completely. Next, contract the calves and thighs simultaneously — hold 5 seconds, then let go. The contrast between maximal tension and release is the mechanism. Stress stores muscular holding patterns below conscious awareness; PMR makes them visible and clears them.","[B] Core, Hands & Arms (MID BODY) Tense the glutes and core together — hold 5 seconds, release. Then make tight fists and tense the forearms, biceps, and shoulders all at once — hold 5 seconds, release fully. Let the arms go completely heavy. Notice the warmth in the released muscles — this is increased blood flow returning.","[C] Shoulders, Jaw & Face (UPPER BODY) Shrug the shoulders to the ears — hold 5 seconds, release. Clench the jaw and scrunch the face — hold 5 seconds, release. Finally, take a full breath, tense the entire body from feet to face simultaneously — hold 5 seconds, then release everything at once and exhale fully. One complete cycle is enough; repeat if time allows."
2102,Rhythmic Walking,Bilateral gait cycle that metabolizes cortisol and adrenaline,"Standing, with enough space to walk or march in place.","[A] March in Place (SETUP) Begin marching — knees lifting high, arms swinging in opposition (right arm forward as left knee rises). The gait cycle is the body's natural stress-metabolism mechanism. Research shows a brisk 10-minute walk reduces cortisol by 15–20%. Even 2 minutes of deliberate marching initiates this response.","[B] Cross-Body Pattern (BILATERAL) Exaggerate the cross-body swing: right elbow drives back as the left knee lifts, and vice versa. This bilateral, alternating pattern activates both brain hemispheres simultaneously and has a measurable organizing effect on a dysregulated nervous system — the same mechanism that makes walking after an argument feel instinctively helpful.","[C] Audible Exhale with Each Step (DISCHARGE) Breathe out with each step — a short, deliberate exhale through the mouth, like punctuation. Make it audible. Lift the knees higher, let the arms swing wider. After 2 minutes you will notice a shift: the quality of mental activity changes. Stress rumination is harder to sustain when the body is engaged bilaterally."
2103,Thoracic Extension,"Opens the chest compressed by stress posture, restores full breathing","Seated in a firm chair, hands clasped behind the head.","[A] Hands Behind Head (SETUP) Sit at the edge of a firm chair. Interlace the fingers behind the head, elbows wide. Chronic stress collapses the chest inward and forward — shoulders round, the thoracic spine flexes, and the breath shortens. This position is the direct reversal of that pattern.","[B] Extend Over the Chair Back (OPEN) Lean back gently over the top edge of the chair back — let it act as a fulcrum for the mid-thoracic spine. Allow the head to drop back, elbows flare open, chest lifts toward the ceiling. Hold 10–15 seconds. Breathe into the stretch. You may feel or hear gentle cracking — this is normal joint cavitation.","[C] Repeat at Different Levels (MOBILIZE) Come up slowly, shift position up slightly on the chair, and extend again at a different vertebral level. 3–4 extensions across the mid and upper thoracic. Each one opens the anterior chest, stretches the intercostals, and restores full lung volume — all of which are mechanically restricted during the stress posture."
2104,The Shake-Out,TRE — Tension/Trauma Releasing Exercises via natural tremor,"Standing, feet hip-width, knees soft.","[A] Soft Knees, Begin Bouncing (SETUP) Stand with feet hip-width, knees softly bent. Let the arms hang completely loose. Begin gentle heel-drops — heels barely lifting, dropping with gravity, letting the body bounce passively. Do not force anything. Animals in the wild tremble after a stressful encounter to discharge the activation; this is the same reflex.","[B] Let the Shake Travel Up (DISCHARGE) Let the tremoring move up from the feet — through the knees, hips, belly, chest, arms. If the body wants to shake more, let it. If natural tremor doesn't arrive, gentle deliberate bouncing is still effective. The goal is movement without muscular control — surrendering the body to its own discharge mechanism.","[C] Gradually Still, Then Rest (INTEGRATE) After 90 seconds, let the shaking slow naturally — do not stop it abruptly. Stand completely still for 20 seconds and notice the quality of the body: warmth, tingling, a sense of weight and softness. This is parasympathetic activation. Used in trauma-informed therapy worldwide (TRE, Somatic Experiencing)."
2105,Child's Pose,Vagal toning through forward fold and abdominal compression,"Kneeling on the floor, knees wide, big toes together.","[A] Kneel and Fold Forward (SETUP) Kneel with knees wide or together, big toes touching. Fold the torso forward over the thighs and rest the forehead on the floor, or on stacked hands or a folded blanket. Arms can extend forward or rest alongside the body. Let the entire torso go heavy.",[B] Abdomen Against Thighs (COMPRESS) The mild compression of the abdomen against the thighs in this position applies gentle pressure on the gut wall — which in turn stimulates the vagus nerve via the enteric nervous system. This is part of why forward folds feel intrinsically calming. Allow each exhale to press the belly more firmly against the thighs.,"[C] Breathe Into the Back Body (RESTORE) Direct the breath into the back: feel the ribs widen laterally on the inhale, then settle on the exhale. Stay for the full 90 seconds. If the mind returns to the stressor, acknowledge it and redirect to the sensation of the forehead on the ground. You do not have to solve anything right now."
2106,Chin Tucks,Cervical decompression that releases the suboccipital muscles,Seated upright or standing against a wall.,"[A] Upright Posture (SETUP) Sit or stand tall. During stress, the head juts forward as the body prepares for action — this compresses the upper cervical spine, restricts blood flow to the brain, and contributes to tension headaches. The chin tuck is a direct reset of this pattern. Think: 'tall spine, double chin.'","[B] Draw the Chin Straight Back (RETRACT) Without tilting the head, draw the chin straight back — creating a 'double chin.' The head should feel like it's gliding back on a level track, not tucking downward. Hold the retraction gently for 3–5 seconds. You should feel a mild stretch at the base of the skull — this is the suboccipital release.","[C] 10 Slow Reps (DECOMPRESS) Release and repeat — 10 slow, deliberate reps. Each one creates traction in the upper cervical joints, decompresses the C1-C2 region, and releases the muscles that clamp tight under stress. Combined with slow nasal breathing throughout, this produces a rapid drop in perceived tension."
2107,Wall Pushes,Isometric exertion that completes the stress activation cycle,Standing an arm's length from a solid wall.,"[A] Hands on Wall at Shoulder Height (SETUP) Place both palms flat against the wall at shoulder height, arms nearly straight. Step the feet back slightly. The stress response contracts muscles and primes them for exertion — this exercise uses that primed energy deliberately rather than letting it sit unspent in the body.","[B] Push with Maximum Effort (EXERT) Press into the wall as hard as you can — as if you intend to push it over. Engage the entire kinetic chain: push through the feet, brace the core, press with the chest, shoulders, and arms simultaneously. Hold 10 seconds of maximal effort. Breathe out slowly during the push.","[C] Release and Exhale Fully (COMPLETE) Release suddenly and exhale completely. The abrupt shift from maximum tension to release signals the nervous system that the threat response is complete. Repeat 3–5 times. This is the physical completion of the fight-or-flight cycle — the body gets the exertion it was primed to perform, and can now down-regulate."
2108,Butterfly Hug,Bilateral stimulation (EMDR technique) that integrates the stress response,"Seated or standing, arms crossed over the chest.","[A] Cross Arms Over Chest (SETUP) Cross both arms over the chest — right hand to the left shoulder area, left hand to the right — like hugging yourself. Fingertips rest near the collarbones or upper arms. Close the eyes. This position was developed by Lucina Artigas for trauma survivors and is a core technique in EMDR (Eye Movement Desensitization and Reprocessing) therapy.","[B] Alternating Taps (BILATERAL) Begin alternating gentle taps — right hand taps, then left hand taps — at a slow, rhythmic pace, like a slow heartbeat. The alternating bilateral stimulation mimics REM sleep processing and activates both brain hemispheres simultaneously. This helps the nervous system integrate and file the stress experience rather than holding it.","[C] Continue and Breathe (INTEGRATE) Continue for the full 90 seconds. Breathe slowly and naturally. You may notice images, sensations, or memories arising — let them pass without engagement. The bilateral rhythm is doing the work. Many people find this position produces an immediate sense of comfort and safety — the same circuits activated by human contact are recruited through self-administered bilateral touch."
2201,Wall-Press TKE (Terminal Knee Extension),Quad activation without compression,"Standing, facing a wall with one foot slightly behind the other. The front knee is slightly bent.",[A] Wall Setup (SETUP) Stand facing a wall. Place one foot slightly behind the other. The front knee is slightly bent. Keep the front heel grounded.,[B] Press & Lock Out (ACTIVATE) Press the front heel into the floor and squeeze the quadriceps hard to 'lock out' the knee. Hold the squeeze for 2 seconds.,[C] Release & Repeat (CONTROL) Release and repeat 10–12 times per leg. Switch sides.
2202,Straight Leg Raises,Quad strength without joint load,"Lying on your back: one leg bent with foot flat, the other leg straight out.","[A] Supine Setup (SETUP) Lie on your back. One leg bent, foot flat; the other leg extended straight.",[B] Lift to Opposite Knee Height (STRENGTHEN) Lift the straight leg to the height of the opposite bent knee. Squeeze the quad at the top. Lower slowly.,[C] Controlled Lower (ECCENTRIC) Lower in 3 seconds. 10–12 reps per leg.
2203,Isometric Wall Sits,Pain-numbing isometric hold,"Standing: back flat against a wall, feet shoulder-width apart and 12 inches forward.","[A] Wall Contact (SETUP) Stand with back flat against a wall. Feet shoulder-width, about 12 inches in front.",[B] Slide Down (HOLD) Slide down into a partial squat. Hold. Isometric holds have a pain-numbing effect on joints.,[C] Breathe (RELEASE) Hold 45 seconds. Breathe normally.
2204,Towel Heel Slides,Joint oiling for arthritis stiffness,Lying on your back: one heel resting on a towel or smooth surface.,"[A] Supine, Heel on Towel (SETUP) Lie on your back. One heel on a towel or smooth floor.","[B] Slide Heel Toward Glutes (MOBILIZE) Slowly slide the heel toward your glutes, then back out. Joint oiling for stiffness.",[C] Smooth & Slow (REPEAT) Continue 45 seconds. Repeat other side if time allows.
2205,Self-Resisted Clamshells,Hip strength to prevent knee cave,Lying on your side: knees bent at 90 degrees and stacked. Top hand on outside of top knee.,"[A] Side-Lying Setup (SETUP) Lie on your side. Knees bent 90°, stacked. Top hand on outside of top knee.",[B] Lift Against Resistance (STRENGTHEN) Lift the top knee while pressing down with your hand. Stronger hips prevent the knee from caving inward.,[C] Lower & Repeat (CONTROL) Lower slowly. 10–12 reps per side.
2206,Seated Knee Extensions,Thigh strength without weight-bearing,Seated: sitting tall in a chair with feet dangling.,"[A] Chair Setup (SETUP) Sit tall in a chair, feet dangling. Hands on chair or thighs.",[B] Straighten Leg (EXTEND) Slowly straighten one leg until horizontal. Squeeze the quad at the top. Maintains thigh muscle mass when weight-bearing is painful.,[C] Lower Slowly (CONTROL) Lower in 3 seconds. 10–12 reps per leg.
2207,Low Box Step-Ups,"Eccentric strength, slow descent",Standing: facing a low step or the bottom stair.,[A] Step Setup (SETUP) Stand facing a low step or bottom stair. 4–6 inches is enough to start.,[B] Step Up (CONCENTRIC) Step up slowly with one foot. Bring the other foot to meet it.,[C] Slow Descent (ECCENTRIC) Step down slowly — 3–4 seconds to lower. Builds eccentric strength that protects the knee. 8–10 reps each leg.
3001,Standing Club Rotations,Separate upper body rotation from stable hips.,Standing tall with feet shoulder-width apart.,"(SETUP) Hold a golf club across your upper back and shoulders, gripping each end. Keep your spine straight and knees slightly bent.",(ROTATE) Rotate your torso to the right as far as comfortable while keeping your hips and feet facing forward.,"(SWITCH) Slowly rotate to the left, feeling the separation between your upper and lower body."
3002,Leg Swings,"Lubricate the hip joint in front, back, and lateral planes.",Standing near a wall or golf cart for balance.,"(SETUP) Stand on one leg, engage your core, and rest a hand lightly on the wall or cart for balance.","(SWING) Swing the opposite leg forward and backward in a controlled motion, gradually increasing the range as the hip warms up.",(LATERAL) Switch to side-to-side swings in front of your body to open the hip socket in the lateral plane.
3003,Active Wrist Circles,Warm wrists and forearms for gripping the club.,Arms extended in front of you at chest height.,(SETUP) Make light fists with both hands with arms extended at shoulder height.,"(CIRCLE) Rotate your wrists in slow, controlled clockwise circles, using the full available range.","(REVERSE) Change direction to counter-clockwise, releasing tension through the forearms."
3004,Open Books,Restore thoracic rotation after repetitive swings.,"Lying on your side, knees stacked and bent at 90 degrees.",(SPINE) Extend both arms straight out in front of you with palms touching and knees stacked.,(OPEN) Lift the top arm and rotate it slowly across your body toward the floor behind you while keeping your knees pinned together.,"(RESET) Breathe deeply into the stretch, then slowly return to the starting position and repeat."
3005,Kneeling Hip Flexor Stretch,Lengthen the front of the hip after walking and swinging.,In a half-kneeling position with one knee on the floor.,"(SETUP) Keep your front foot flat, torso upright, and ribs stacked over the pelvis.",(TUCK) Gently tuck your pelvis under and lean forward slightly until you feel a stretch in the front of your back hip.,(REACH) Reach the arm on the same side as your back knee toward the ceiling to deepen the release.
3006,Thread the Needle,Release tension between the shoulder blades.,On all fours with hands under shoulders and knees under hips.,"(SETUP) Slide one arm underneath the other, palm up, reaching as far as comfortable.","(ROTATE) Lower your shoulder and ear toward the floor, letting the upper back rotate.",(BREATH) Hold and breathe into the space between your shoulder blades before switching sides.
3011,Lateral Lunges with Reach,Groove lateral load and balance for wide court coverage.,Standing with feet wide apart.,"(SETUP) Shift your weight to the right, bending the right knee while keeping the left leg straight.",(REACH) Reach your arms forward to balance your weight and keep the chest lifted.,"(SWITCH) Push off the right foot to return to center, then repeat on the left side."
3012,Shoulder Y & T Raises,Activate lower traps and posterior shoulder for overhead work.,Standing with a slight hinge at the hips.,(SETUP) Let your arms hang down with thumbs pointing out and spine long.,"(Y-RAISE) Raise your arms up to form a Y shape, squeezing the shoulder blades together.","(T-RAISE) Lower your arms, then raise them straight out to the sides to form a T, maintaining control."
3013,Ankle Hops,Prime calf and Achilles for quick first steps.,Standing tall with feet close together.,(SETUP) Stay light on the balls of your feet with knees slightly soft.,"(HOP) Perform small, quick vertical hops, focusing on a fast bounce off the ground.",(STABILITY) Keep your core tight and land softly each time without letting the heels slam down.
3014,Forearm Extensor Release,Unload the outer elbow and backhand tissues.,Arm extended straight in front of you.,(SETUP) Point your fingers toward the floor with the palm facing you.,(STRETCH) Use the opposite hand to gently pull the back of your hand toward your body until you feel a stretch.,"(RELEASE) Hold for several breaths, then ease off and switch sides."
3015,Figure-4 Glute Stretch,Open the hips after repeated lunges and changes of direction.,Lying on your back with knees bent.,(SETUP) Cross your right ankle over your left knee to create a figure-4 shape.,"(PULL) Reach through and grab your left thigh, gently pulling it toward your chest.","(SWITCH) Hold for several breaths, then repeat on the opposite side."
3016,Child's Pose with Side Reach,Lengthen lats and side body after serving and overheads.,"Kneeling on the floor, sitting back on your heels.",(SETUP) Fold forward and rest your forehead on the floor with arms extended in front of you.,(REACH) Walk both hands to the right until you feel a stretch along your left side and lat.,"(SWITCH) Walk hands back to center, then over to the left side and repeat."
3021,Ankle Circles,Mobilize the ankles before the miles.,"Standing tall, using a wall for balance if needed.",(SETUP) Lift one foot off the ground while lightly supporting yourself on the wall if needed.,"(CIRCLE) Rotate the ankle in slow, controlled clockwise circles.","(REVERSE) Switch to counter-clockwise circles, then repeat with the other foot."
3022,Glute Activation Drive,Fire the glutes to support the pelvis with each step.,Standing with feet hip-width apart.,(SETUP) Shift weight to your left leg and engage your core.,(DRIVE) Lift the right knee toward your chest while squeezing the left glute.,"(SWITCH) Lower the foot with control and repeat on the other side, staying tall."
3023,Controlled Arm Swings,Rehearse efficient arm swing for walking.,Standing tall with shoulders relaxed.,(SETUP) Bend your elbows slightly and let the arms hang by your sides.,(SWING) Swing your arms forward and backward from the shoulder joint in a natural rhythm.,(RELAX) Keep your neck long and avoid shrugging the shoulders as you move.
3024,Calf Release,Lengthen the calf and Achilles after long walks.,Standing facing a wall.,(SETUP) Place both hands on the wall and step one foot back.,(PRESS) Keep the back heel on the floor and lean into the wall until you feel a stretch in the calf.,"(BEND) Slightly bend the back knee to target the lower calf and Achilles, then switch sides."
3025,Standing Quad Stretch,Open the front of the thigh after steady forward motion.,"Standing tall, holding a chair for balance.",(SETUP) Reach back and grab your right ankle or foot.,(ALIGN) Pull the heel toward your glute while keeping your knees together and torso upright.,"(SWITCH) Hold the stretch, then repeat on the left side."
3026,Foot Arch Massage,Reset the arches after time on your feet.,Standing or seated.,(SETUP) Place a small ball or firm object under the arch of your foot.,(ROLL) Apply gentle pressure and roll the foot forward and backward over the object.,(FOCUS) Spend extra time on any tight or tender spots before switching feet.
3031,Pogo Hops,Wake up calf and Achilles for impact.,Standing with feet hip-width apart.,(SETUP) Keep your knees almost straight and stand tall.,"(BOUNCE) Jump using only your ankles and calves, staying on the balls of your feet.","(RHYTHM) Maintain a quick, rhythmic pace to prime the tendons."
3032,Runner's Lunge with Reach,Open hip flexors and side body before the run.,Standing tall.,"(SETUP) Step back into a lunge, keeping the back leg straight and front knee stacked over the ankle.",(REACH) Reach both arms toward the ceiling and tilt your torso slightly away from the back leg.,(SWITCH) Return to standing and switch sides with control.
3033,Hamstring Scoops,Lengthen the hamstrings and groove front-leg loading.,Standing with one heel forward and toes pointed up.,(SETUP) Hinge at the hips while keeping the front leg straight and back knee soft.,"(SCOOP) Reach down and scoop your hands toward the floor in front of the foot, then up overhead.",(SWITCH) Take a small step forward and repeat on the other leg.
3034,Seated Figure-4,Decompress the hips after repetitive strides.,Seated on the floor with legs extended.,(SETUP) Bend your left knee and cross your right ankle over the left thigh.,(PRESS) Lean forward slightly or pull the left thigh toward you to feel the stretch in the right hip.,"(SWITCH) Hold, then repeat on the opposite side."
3035,Cobra Pose,Restore extension through the front of the body.,Lying face down on a mat.,(SETUP) Place your hands on the floor next to your shoulders with elbows close to your sides.,"(LIFT) Gently press through your hands to lift your chest off the floor, keeping your hips grounded.",(EXTEND) Draw shoulders away from your ears and breathe into the front of the body.
3036,Legs Up the Wall,Assist circulation and recovery after impact.,Lying on your back with your glutes as close to a wall as possible.,(SETUP) Extend your legs straight up against the wall with heels resting lightly.,(RELAX) Let your arms rest by your sides with palms up and jaw unclenched.,"(BREATHE) Stay here for about two minutes, breathing slowly to calm the system."